"customer_id","discount_applied"
"2","Yes"
"3","Yes"
"4","Yes"
"7","Yes"
"9","Yes"
"12","Yes"
"13","Yes"
"16","Yes"
"20","Yes"
"22","Yes"
"24","Yes"
"29","Yes"
"32","Yes"
"33","Yes"
"35","Yes"
"37","Yes"
"40","Yes"
"41","Yes"
"43","Yes"
"44","Yes"
"55","Yes"
"57","Yes"
"58","Yes"
"60","Yes"
"62","Yes"
"64","Yes"
"65","Yes"
"67","Yes"
"70","Yes"
"74","Yes"
"76","Yes"
"79","Yes"
"80","Yes"
"81","Yes"
"82","Yes"
"86","Yes"
"90","Yes"
"92","Yes"
"93","Yes"
"94","Yes"
"95","Yes"
"96","Yes"
"97","Yes"
"98","Yes"
"99","Yes"
"101","Yes"
"102","Yes"
"103","Yes"
"104","Yes"
"106","Yes"
"108","Yes"
"109","Yes"
"110","Yes"
"112","Yes"
"113","Yes"
"115","Yes"
"116","Yes"
"117","Yes"
"120","Yes"
"121","Yes"
"122","Yes"
"124","Yes"
"125","Yes"
"128","Yes"
"130","Yes"
"134","Yes"
"135","Yes"
"136","Yes"
"137","Yes"
"140","Yes"
"146","Yes"
"148","Yes"
"149","Yes"
"150","Yes"
"151","Yes"
"153","Yes"
"155","Yes"
"156","Yes"
"158","Yes"
"159","Yes"
"163","Yes"
"164","Yes"
"165","Yes"
"166","Yes"
"169","Yes"
"173","Yes"
"176","Yes"
"177","Yes"
"181","Yes"
"182","Yes"
"183","Yes"
"188","Yes"
"190","Yes"
"191","Yes"
"192","Yes"
"194","Yes"
"195","Yes"
"197","Yes"
"198","Yes"
"200","Yes"
"201","Yes"
"205","Yes"
"206","Yes"
"208","Yes"
"210","Yes"
"212","Yes"
"213","Yes"
"214","Yes"
"216","Yes"
"217","Yes"
"220","Yes"
"222","Yes"
"223","Yes"
"225","Yes"
"227","Yes"
"228","Yes"
"229","Yes"
"231","Yes"
"234","Yes"
"236","Yes"
"237","Yes"
"238","Yes"
"242","Yes"
"243","Yes"
"244","Yes"
"247","Yes"
"248","Yes"
"249","Yes"
"254","Yes"
"259","Yes"
"262","Yes"
"265","Yes"
"267","Yes"
"272","Yes"
"276","Yes"
"279","Yes"
"280","Yes"
"281","Yes"
"282","Yes"
"283","Yes"
"289","Yes"
"290","Yes"
"293","Yes"
"297","Yes"
"300","Yes"
"301","Yes"
"302","Yes"
"304","Yes"
"305","Yes"
"311","Yes"
"313","Yes"
"314","Yes"
"318","Yes"
"319","Yes"
"320","Yes"
"321","Yes"
"323","Yes"
"324","Yes"
"325","Yes"
"326","Yes"
"332","Yes"
"333","Yes"
"334","Yes"
"336","Yes"
"337","Yes"
"339","Yes"
"345","Yes"
"350","Yes"
"351","Yes"
"352","Yes"
"353","Yes"
"354","Yes"
"355","Yes"
"357","Yes"
"360","Yes"
"362","Yes"
"363","Yes"
"364","Yes"
"365","Yes"
"366","Yes"
"372","Yes"
"373","Yes"
"375","Yes"
"379","Yes"
"381","Yes"
"383","Yes"
"384","Yes"
"386","Yes"
"388","Yes"
"389","Yes"
"391","Yes"
"392","Yes"
"393","Yes"
"394","Yes"
"396","Yes"
"397","Yes"
"399","Yes"
"401","Yes"
"402","Yes"
"403","Yes"
"405","Yes"
"406","Yes"
"408","Yes"
"409","Yes"
"413","Yes"
"414","Yes"
"415","Yes"
"418","Yes"
"419","Yes"
"420","Yes"
"426","Yes"
"427","Yes"
"428","Yes"
"429","Yes"
"430","Yes"
"432","Yes"
"433","Yes"
"434","Yes"
"441","Yes"
"442","Yes"
"443","Yes"
"444","Yes"
"447","Yes"
"448","Yes"
"455","Yes"
"456","Yes"
"457","Yes"
"458","Yes"
"459","Yes"
"461","Yes"
"462","Yes"
"463","Yes"
"464","Yes"
"466","Yes"
"471","Yes"
"472","Yes"
"475","Yes"
"476","Yes"
"477","Yes"
"480","Yes"
"481","Yes"
"482","Yes"
"484","Yes"
"485","Yes"
"487","Yes"
"488","Yes"
"490","Yes"
"492","Yes"
"493","Yes"
"495","Yes"
"497","Yes"
"499","Yes"
"500","Yes"
"506","Yes"
"510","Yes"
"511","Yes"
"514","Yes"
"515","Yes"
"516","Yes"
"519","Yes"
"521","Yes"
"523","Yes"
"529","Yes"
"530","Yes"
"533","Yes"
"534","Yes"
"535","Yes"
"537","Yes"
"543","Yes"
"544","Yes"
"545","Yes"
"547","Yes"
"549","Yes"
"551","Yes"
"552","Yes"
"553","Yes"
"557","Yes"
"558","Yes"
"559","Yes"
"562","Yes"
"563","Yes"
"564","Yes"
"567","Yes"
"569","Yes"
"571","Yes"
"572","Yes"
"573","Yes"
"574","Yes"
"575","Yes"
"576","Yes"
"577","Yes"
"579","Yes"
"581","Yes"
"582","Yes"
"583","Yes"
"584","Yes"
"585","Yes"
"588","Yes"
"589","Yes"
"590","Yes"
"595","Yes"
"596","Yes"
"598","Yes"
"599","Yes"
"601","Yes"
"605","Yes"
"607","Yes"
"611","Yes"
"615","Yes"
"616","Yes"
"617","Yes"
"619","Yes"
"621","Yes"
"623","Yes"
"624","Yes"
"625","Yes"
"626","Yes"
"627","Yes"
"629","Yes"
"630","Yes"
"631","Yes"
"632","Yes"
"635","Yes"
"641","Yes"
"642","Yes"
"645","Yes"
"648","Yes"
"650","Yes"
"654","Yes"
"658","Yes"
"661","Yes"
"662","Yes"
"663","Yes"
"664","Yes"
"665","Yes"
"668","Yes"
"669","Yes"
"670","Yes"
"674","Yes"
"676","Yes"
"677","Yes"
"678","Yes"
"679","Yes"
"680","Yes"
"685","Yes"
"686","Yes"
"690","Yes"
"691","Yes"
"693","Yes"
"696","Yes"
"698","Yes"
"701","Yes"
"702","Yes"
"703","Yes"
"704","Yes"
"705","Yes"
"706","Yes"
"710","Yes"
"711","Yes"
"712","Yes"
"713","Yes"
"714","Yes"
"715","Yes"
"716","Yes"
"718","Yes"
"721","Yes"
"725","Yes"
"726","Yes"
"727","Yes"
"728","Yes"
"729","Yes"
"735","Yes"
"741","Yes"
"742","Yes"
"744","Yes"
"745","Yes"
"746","Yes"
"748","Yes"
"750","Yes"
"751","Yes"
"752","Yes"
"753","Yes"
"757","Yes"
"759","Yes"
"762","Yes"
"766","Yes"
"768","Yes"
"769","Yes"
"770","Yes"
"772","Yes"
"774","Yes"
"777","Yes"
"780","Yes"
"784","Yes"
"785","Yes"
"786","Yes"
"788","Yes"
"790","Yes"
"797","Yes"
"798","Yes"
"808","Yes"
"809","Yes"
"810","Yes"
"811","Yes"
"815","Yes"
"816","Yes"
"819","Yes"
"825","Yes"
"826","Yes"
"827","Yes"
"829","Yes"
"831","Yes"
"832","Yes"
"833","Yes"
"834","Yes"
"835","Yes"
"837","Yes"
"842","Yes"
"843","Yes"
"844","Yes"
"847","Yes"
"849","Yes"
"850","Yes"
"852","Yes"
"853","Yes"
"856","Yes"
"858","Yes"
"860","Yes"
"861","Yes"
"862","Yes"
"863","Yes"
"867","Yes"
"869","Yes"
"871","Yes"
"874","Yes"
"875","Yes"
"878","Yes"
"879","Yes"
"880","Yes"
"881","Yes"
"882","Yes"
"885","Yes"
"886","Yes"
"889","Yes"
"890","Yes"
"893","Yes"
"895","Yes"
"896","Yes"
"898","Yes"
"899","Yes"
"901","Yes"
"902","Yes"
"905","Yes"
"906","Yes"
"909","Yes"
"912","Yes"
"915","Yes"
"918","Yes"
"920","Yes"
"921","Yes"
"923","Yes"
"925","Yes"
"926","Yes"
"927","Yes"
"928","Yes"
"930","Yes"
"931","Yes"
"934","Yes"
"937","Yes"
"939","Yes"
"940","Yes"
"943","Yes"
"944","Yes"
"945","Yes"
"949","Yes"
"953","Yes"
"955","Yes"
"956","Yes"
"957","Yes"
"960","Yes"
"962","Yes"
"963","Yes"
"964","Yes"
"969","Yes"
"971","Yes"
"972","Yes"
"973","Yes"
"974","Yes"
"975","Yes"
"977","Yes"
"981","Yes"
"983","Yes"
"985","Yes"
"986","Yes"
"987","Yes"
"989","Yes"
"991","Yes"
"992","Yes"
"993","Yes"
"994","Yes"
"995","Yes"
"996","Yes"
"997","Yes"
"999","Yes"
"1002","Yes"
"1004","Yes"
"1005","Yes"
"1006","Yes"
"1007","Yes"
"1008","Yes"
"1009","Yes"
"1014","Yes"
"1015","Yes"
"1019","Yes"
"1020","Yes"
"1021","Yes"
"1024","Yes"
"1025","Yes"
"1026","Yes"
"1027","Yes"
"1028","Yes"
"1031","Yes"
"1036","Yes"
"1039","Yes"
"1043","Yes"
"1044","Yes"
"1046","Yes"
"1049","Yes"
"1051","Yes"
"1054","Yes"
"1055","Yes"
"1057","Yes"
"1062","Yes"
"1063","Yes"
"1067","Yes"
"1069","Yes"
"1070","Yes"
"1071","Yes"
"1072","Yes"
"1073","Yes"
"1074","Yes"
"1075","Yes"
"1077","Yes"
"1083","Yes"
"1084","Yes"
"1086","Yes"
"1087","Yes"
"1088","Yes"
"1090","Yes"
"1092","Yes"
"1099","Yes"
"1100","Yes"
"1102","Yes"
"1103","Yes"
"1106","Yes"
"1107","Yes"
"1108","Yes"
"1110","Yes"
"1111","Yes"
"1112","Yes"
"1113","Yes"
"1114","Yes"
"1117","Yes"
"1118","Yes"
"1119","Yes"
"1121","Yes"
"1123","Yes"
"1124","Yes"
"1126","Yes"
"1130","Yes"
"1132","Yes"
"1133","Yes"
"1135","Yes"
"1136","Yes"
"1137","Yes"
"1138","Yes"
"1143","Yes"
"1146","Yes"
"1149","Yes"
"1152","Yes"
"1155","Yes"
"1158","Yes"
"1159","Yes"
"1163","Yes"
"1165","Yes"
"1166","Yes"
"1168","Yes"
"1169","Yes"
"1170","Yes"
"1171","Yes"
"1173","Yes"
"1174","Yes"
"1176","Yes"
"1177","Yes"
"1182","Yes"
"1185","Yes"
"1186","Yes"
"1187","Yes"
"1188","Yes"
"1190","Yes"
"1192","Yes"
"1196","Yes"
"1197","Yes"
"1198","Yes"
"1200","Yes"
"1202","Yes"
"1204","Yes"
"1205","Yes"
"1206","Yes"
"1208","Yes"
"1209","Yes"
"1210","Yes"
"1211","Yes"
"1212","Yes"
"1213","Yes"
"1215","Yes"
"1218","Yes"
"1219","Yes"
"1221","Yes"
"1222","Yes"
"1223","Yes"
"1226","Yes"
"1227","Yes"
"1231","Yes"
"1232","Yes"
"1234","Yes"
"1235","Yes"
"1237","Yes"
"1238","Yes"
"1239","Yes"
"1241","Yes"
"1245","Yes"
"1247","Yes"
"1248","Yes"
"1252","Yes"
"1256","Yes"
"1258","Yes"
"1259","Yes"
"1260","Yes"
"1261","Yes"
"1263","Yes"
"1264","Yes"
"1265","Yes"
"1266","Yes"
"1268","Yes"
"1269","Yes"
"1271","Yes"
"1273","Yes"
"1275","Yes"
"1277","Yes"
"1278","Yes"
"1279","Yes"
"1281","Yes"
"1282","Yes"
"1283","Yes"
"1284","Yes"
"1285","Yes"
"1286","Yes"
"1289","Yes"
"1292","Yes"
"1293","Yes"
"1294","Yes"
"1295","Yes"
"1296","Yes"
"1298","Yes"
"1299","Yes"
"1301","Yes"
"1305","Yes"
"1312","Yes"
"1313","Yes"
"1315","Yes"
"1316","Yes"
"1319","Yes"
"1322","Yes"
"1323","Yes"
"1324","Yes"
"1325","Yes"
"1326","Yes"
"1329","Yes"
"1330","Yes"
"1331","Yes"
"1332","Yes"
"1333","Yes"
"1334","Yes"
"1337","Yes"
"1338","Yes"
"1341","Yes"
"1347","Yes"
"1348","Yes"
"1351","Yes"
"1353","Yes"
"1354","Yes"
"1356","Yes"
"1357","Yes"
"1358","Yes"
"1360","Yes"
"1364","Yes"
"1365","Yes"
"1366","Yes"
"1368","Yes"
"1370","Yes"
"1371","Yes"
"1372","Yes"
"1373","Yes"
"1375","Yes"
"1377","Yes"
"1380","Yes"
"1382","Yes"
"1385","Yes"
"1386","Yes"
"1388","Yes"
"1390","Yes"
"1398","Yes"
"1400","Yes"
"1406","Yes"
"1408","Yes"
"1411","Yes"
"1413","Yes"
"1414","Yes"
"1416","Yes"
"1419","Yes"
"1420","Yes"
"1422","Yes"
"1424","Yes"
"1428","Yes"
"1429","Yes"
"1432","Yes"
"1434","Yes"
"1435","Yes"
"1436","Yes"
"1437","Yes"
"1438","Yes"
"1441","Yes"
"1443","Yes"
"1449","Yes"
"1454","Yes"
"1456","Yes"
"1457","Yes"
"1461","Yes"
"1462","Yes"
"1463","Yes"
"1465","Yes"
"1466","Yes"
"1467","Yes"
"1470","Yes"
"1472","Yes"
"1474","Yes"
"1475","Yes"
"1476","Yes"
"1480","Yes"
"1481","Yes"
"1483","Yes"
"1484","Yes"
"1487","Yes"
"1495","Yes"
"1497","Yes"
"1500","Yes"
"1501","Yes"
"1503","Yes"
"1505","Yes"
"1508","Yes"
"1509","Yes"
"1512","Yes"
"1515","Yes"
"1516","Yes"
"1517","Yes"
"1519","Yes"
"1520","Yes"
"1521","Yes"
"1523","Yes"
"1524","Yes"
"1525","Yes"
"1528","Yes"
"1529","Yes"
"1530","Yes"
"1532","Yes"
"1535","Yes"
"1536","Yes"
"1537","Yes"
"1538","Yes"
"1539","Yes"
"1541","Yes"
"1542","Yes"
"1544","Yes"
"1559","Yes"
"1560","Yes"
"1561","Yes"
"1563","Yes"
"1566","Yes"
"1567","Yes"
"1569","Yes"
"1570","Yes"
"1572","Yes"
"1573","Yes"
"1577","Yes"
"1579","Yes"
"1580","Yes"
"1581","Yes"
"1582","Yes"
"1584","Yes"
"1585","Yes"
"1587","Yes"
"1588","Yes"
"1590","Yes"
"1591","Yes"
"1592","Yes"
"1593","Yes"
"1594","Yes"
"1599","Yes"
"1604","Yes"
"1605","Yes"
"1608","Yes"
"1610","Yes"
"1613","Yes"
"1616","Yes"
"1618","Yes"
"1619","Yes"
"1620","Yes"
"1629","Yes"
"1630","Yes"
"1634","Yes"
"1640","Yes"
"1643","Yes"
"1644","Yes"
"1645","Yes"
"1647","Yes"
"1648","Yes"
"1649","Yes"
"1650","Yes"
"1652","Yes"
"1654","Yes"
"1656","Yes"
"1659","Yes"
"1662","Yes"
"1667","Yes"
"1671","Yes"
"1673","Yes"
"1674","Yes"
"1676","Yes"
